Column0,Column1,Column2,Column3,Column4
Column0,Column1,Column2,Column3,Column4
Column0,Column1,Column2,Column3,Column4
Column0,Column1,Column2,Column3,Column4
Column0,Column1,Column2,Column3,Column4
Column0,Column1,Column2,Column3,Column4
Column0,Column1,Column2,Column3,Column4
Column0,Column1,Column2,Column3,Column4
Column0,Column1,Column2,Column3,Column4
Column0,Column1,Column2,Column3,Column4
Column0,Column1,Column2,Column3,Column4
Column0,Column1,Column2,Column3,Column4
Aaaa,data,Bbbbb,Ccccc,Dddddd
Column0,Column1,Column2,Column3,Column4
Column0,Column1,Column2,Column3,Column4
Column0,Column1,Column2,Column3,Column4
Column0,Column1,Column2,Column3,Column4
Column0,Column1,Column2,Column3,Column4
Column0,Column1,Column2,Column3,Column4
Column0,Column1,Column2,Column3,Column4
Column0,Column1,Column2,Column3,Column4
Column0,Column1,Column2,Column3,Column4
Column0,Column1,Column2,Column3,Column4
Column0,Column1,Column2,Column3,Column4
Column0,Column1,Column2,Column3,Column4
Column0,Column1,Column2,Column3,Column4
Column0,Column1,Column2,Column3,Column4
Column0,Column1,Column2,Column3,Column4
Column0,Column1,Column2,Column3,Column4
Column0,Column1,Column2,Column3,Column4
Column0,Column1,Column2,Column3,Column4
Column0,Column1,Column2,Column3,Column4
Column0,Column1,Column2,Column3,Column4
Column0,Column1,Column2,Column3,Column4
Column0,Column1,Column2,Column3,Column4
Column0,Column1,Column2,Column3,Column4
Column0,Column1,Column2,Column3,Column4
Column0,Column1,Column2,Column3,Column4
Column0,Column1,Column2,Column3,Column4
Column0,Column1,Column2,Column3,Column4
Column0,Column1,Column2,Column3,Column4
Column0,Column1,Column2,Column3,Column4
Column0,Column1,Column2,Column3,Column4
Column0,Column1,Column2,Column3,Column4
Column0,Column1,Column2,Column3,Column4
Column0,Column1,Column2,Column3,Column4
Column0,Column1,Column2,Column3,Column4
Column0,Column1,Column2,Column3,Column4
Column0,Column1,Column2,Column3,Column4
Column0,Column1,Column2,Column3,Column4
Column0,Column1,Column2,Column3,Column4
Column0,Column1,Column2,Column3,Column4
Column0,Column1,Column2,Column3,Column4
Column0,Column1,Column2,Column3,Column4
Column0,Column1,Column2,Column3,Column4
Column0,Column1,Column2,Column3,Column4
Column0,Column1,Column2,Column3,Column4
Column0,Column1,Column2,Column3,Column4
Column0,Column1,Column2,Column3,Column4
Column0,Column1,Column2,Column3,Column4
Column0,Column1,Column2,Column3,Column4
Column0,Column1,Column2,Column3,Column4
Column0,Column1,Column2,Column3,Column4
Column0,Column1,Column2,Column3,Column4
Column0,Column1,Column2,Column3,Column4
Column0,Column1,Column2,Column3,Column4
Column0,Column1,Column2,Column3,Column4
Column0,Column1,Column2,Column3,Column4
Column0,Column1,Column2,Column3,Column4
Column0,Column1,Column2,Column3,Column4
Column0,Column1,Column2,Column3,Column4
Column0,Column1,Column2,Column3,Column4
Column0,Column1,Column2,Column3,Column4
Column0,Column1,Column2,Column3,Column4
Column0,Column1,Column2,Column3,Column4
Column0,Column1,Column2,Column3,Column4
Column0,Column1,Column2,Column3,Column4
Column0,Column1,Column2,Column3,Column4
Column0,Column1,Column2,Column3,Column4
Column0,Column1,Column2,Column3,Column4
Column0,Column1,Column2,Column3,Column4
Column0,Column1,Column2,Column3,Column4
Column0,Column1,Column2,Column3,Column4
Column0,Column1,Column2,Column3,Column4
Column0,Column1,Column2,Column3,Column4
Column0,Column1,Column2,Column3,Column4
Column0,Column1,Column2,Column3,Column4
Column0,Column1,Column2,Column3,Column4
Column0,Column1,Column2,Column3,Column4
Column0,Column1,Column2,Column3,Column4
Column0,Column1,Column2,Column3,Column4
Column0,Column1,Column2,Column3,Column4
Column0,Column1,Column2,Column3,Column4
Column0,Column1,Column2,Column3,Column4
Column0,Column1,Column2,Column3,Column4
Column0,Column1,Column2,Column3,Column4
Column0,Column1,Column2,Column3,Column4
Column0,Column1,Column2,Column3,Column4
Column0,Column1,Column2,Column3,Column4
Column0,Column1,Column2,Column3,Column4
